batch_range,avg_response_ms,max_response_ms,min_response_ms
1–100,1263.2587385177612,3253.1230449676514,178.2691478729248
101–200,814.1066431999207,4981.448650360107,122.18141555786133
201–300,973.492603302002,8063.530445098877,149.54042434692383
301–400,298.72390508651733,498.105525970459,125.81849098205566
401–500,291.0048580169678,482.3119640350342,133.99958610534668
501–600,290.29618978500366,462.1906280517578,132.7991485595703
601–700,293.41330766677856,460.399866104126,179.2457103729248
701–800,386.8626403808594,844.9008464813232,189.03183937072754
801–900,1379.7574591636658,3429.854154586792,235.16488075256348
901–1000,1994.101963043213,8305.222988128662,165.09246826171875
1001–1100,633.2794761657715,1640.9058570861816,192.60358810424805
1101–1200,1888.9133667945862,14955.125570297241,159.01923179626465
1201–1300,700.3149914741516,1596.7137813568115,220.24035453796387
1301–1400,831.0291361808777,1759.4044208526611,199.44334030151367
1401–1500,762.6971435546875,1663.4831428527832,175.25672912597656
1501–1600,985.727641582489,2002.9218196868896,229.67910766601562
1601–1700,1971.635663509369,3574.331283569336,302.67786979675293
1701–1800,3064.347667694092,8857.693195343018,545.6883907318115
1801–1900,2552.7017784118652,4112.3833656311035,1269.4168090820312
1901–2000,2367.428584098816,3392.109155654907,1339.0076160430908
2001–2100,2447.560031414032,3412.9977226257324,1465.869426727295
2101–2200,2848.760325908661,4348.012685775757,1467.8006172180176
2201–2300,2118.63450050354,3659.2915058135986,568.601131439209
2301–2400,3213.0269813537598,5093.207597732544,2046.6639995574951
2401–2500,4617.811603546143,6346.797227859497,3237.114667892456
2501–2600,4891.084163188934,6439.0528202056885,3501.224994659424
2601–2700,4316.235213279724,5551.6180992126465,3056.518793106079
2701–2800,3246.17000579834,4685.969829559326,1967.756748199463
2801–2900,2993.910036087036,4323.417901992798,1781.3806533813477
2901–3000,2561.8761253356934,5299.52597618103,471.35114669799805
3001–3100,4611.513180732727,5892.15612411499,3299.3898391723633
3101–3200,5814.2074275016785,8448.74620437622,4147.366762161255
3201–3300,5958.790984153748,7192.46244430542,4777.066707611084
3301–3400,6976.784558296204,15364.86840248108,5167.886018753052
3401–3500,6902.45395898819,8353.280067443848,5506.918668746948
3501–3600,5618.655072318183,7366.676092147827,4569.024324417114
